tools\toolshint
world\asphalt\asphalt05_mudpuddle_bm
world\asphalt\asphalt05_skidmarks_bm
world\asphalt\asphalt_dark_bforce_01
world\asphalt\asphalt_desert_01_asphalt_desert_02_bm
world\asphalt\asphalt_desert_02_dirt_desert_03_bm
world\asphalt\asphalt_desert_edge_01_dirt_desert_03_bm
world\asphalt\asphalt_road_corp_01_asphalt_road_corp_02_bm
world\asphalt\nexus_pavement_pothole_b
world\asphalt\street_gutter_asphalt_a
world\asphalt\street_gutter_asphalt_a_opaque_red
world\asphalt\street_gutter_asphalt_a_opaque_white
world\asphalt\street_gutter_asphalt_a_opaque_yellow
world\backwater\dirt\rice_mud_bm
world\backwater\dirt\rice_piles_large_blend
world\backwater\dirt\rice_piles_large_bm
world\backwater\dirt\rice_piles_large_cutout
world\backwater\grass\backwater_foliage_01
world\backwater\grass\backwater_foliage_02_bm
world\backwater\metal\landing_pad_trim_02
world\backwater\metal\landing_pad_wall_01
world\backwater\metal\landing_pad_wall_03
world\backwater\metal\landing_pad_wall_04
world\backwater\metal\metal_panel_floora_01
world\backwater\mud\mud_relic_dark_03_bm
world\backwater\mud\mud_water_04_bm
world\backwater\stone\backwater_cliff_flat_02_bm
world\backwater\stone\backwater_cliff_rock_01_bm
world\backwater\stone\backwater_stone01_bm
world\backwater\stone\backwater_stone02_bm
world\backwater\stone\backwater_stone03_bm
world\backwater\water\grass_water_01_bm
world\ceiling\ceiling_light_fluorescent
world\concrete\concrete_floor_cracks
world\concrete\concrete_floor_sidewalk_01_wetpuddles_bm
world\concrete\concrete_patchy_01
world\concrete\concrete_pocked_flood_01
world\concrete\concrete_sidewalk01
world\concrete\concrete_sidewalk_clean01_mud_rough_bm
world\concrete\concrete_slab_cracked02
world\concrete\concrete_slab_seam_a_wet
world\concrete\concrete_slab_seam_b_sand_training_ground_02_bm
world\concrete\concrete_stripe_red_01
world\concrete\concrete_wall_bare_01
world\concrete\concrete_wall_bare_01_paint_white_yellow
world\concrete\concrete_wall_dirty_dualtone_04
world\concrete\dam_concrete_01_dirty_white
world\concrete\dam_concrete_03_dam_concrete_01_dirty_bm
world\concrete\dam_concrete_03_dirty
world\concrete\dam_concrete_03_dirty_blue
world\concrete\dam_concrete_03_dirty_red
world\concrete\dam_concrete_03_dirty_white
world\concrete\dam_concrete_03_orange
world\concrete\dam_concrete_03_red
world\concrete\dam_concrete_03_red_dam_concrete_01_dirty_red_bm
world\concrete\dam_concrete_03_red_dam_concrete_03_dirty_red_bm
world\concrete\dam_concrete_03_yellow
world\concrete\flat_concrete_floor_clean
world\decal\concrete_damage_decal_03
world\decal\decal_plaster_crack_horizontal
world\decal\glass_cracked_decal
world\decal\kodai_industries_logo_long
world\decal\kodai_industries_logo_long_wht
world\decal\kodai_industries_logo_original
world\decal\kodai_industries_logo_outline
world\decal\kodai_industries_logo_short
world\decal\kodai_industries_logo_stencil
world\decal\kodai_industries_logo_white
world\decal\kodai_logo_original
world\decal\rise_blacktrim_decal_01
world\decal\rise_warninglines_decals_01
world\decal\sand_pile_overlay_desert_02
world\decal\sand_pile_overlay_training_ground_02
world\decal\shot1_static
world\decal\shot2_static
world\decal\sos_painted
world\decal\stencil_black
world\decal\stencil_corporate_black_01
world\dev\dev_gray_512_v_color
world\dev\dev_green_512
world\dirt\dirt_1024_vertex_diamond_plate_bm
world\dirt\dirt_branches01
world\dirt\dirt_desert_02_dirt_desert_01_bm
world\dirt\dirt_desert_02_stacked_rock_01_bm
world\dirt\dirt_desert_03_dirt_desert_01_bm
world\dirt\dirt_desert_03_dirt_desert_02_bm
world\dirt\dirt_desert_03_dirt_desert_04_bm
world\dirt\dirt_desert_03_dirt_desert_damaged_01_bm
world\dirt\dirt_desert_03_flat_stone_01_bm
world\dirt\dirt_desert_03_stacked_rock_01_bm
world\dirt\dirt_desert_03_vert_alpha
world\dirt\dirt_relic_dark_01_grass_wild_01_bm
world\dirt\dirt_relic_light_red_01
world\dirt\dirt_rock_underbush_dirt_sandy_aggregate_a_bm
world\dirt\road_dirt_gravel_02_puddles_road_dirt_gravel_01_bm
world\dirt\sand_rise_light_01
world\dirt\sand_rise_light_01_bm
world\dirt\sand_rise_pebbles_01_bm
world\dirt\sand_rise_pebbles_01_mud_dark_bm
world\dirt\sand_training_ground_02
world\dirt\sand_training_ground_02_va
world\floors\carpet_grey_short_col
world\floors\paint_floor_caution_02
world\floors\paint_floor_caution_04
world\floors\rise_concrete_desert_sand_bm
world\floors\rise_concrete_flat_01_to_cracked_bm
world\floors\rise_concrete_floor_01_cracked
world\floors\rise_concrete_floor_01_cracked_bm
world\flora\root_vine_large_01
world\grass\dry_grass_01
world\grass\grass_03
world\grass\grass_clumps_01
world\grass\grass_patchy_dirt_a
world\harmony_mines\concrete\concrete_stripe_blue_01
world\harmony_mines\dirt\harmony_mines_dirt_01
world\harmony_mines\dirt\harmony_mines_dirt_01_alphablend
world\harmony_mines\dirt\harmony_mines_dirt_01_dry_sand_01_bm
world\harmony_mines\glass\safety_glass_lm_hm
world\harmony_mines\harmony_fuel_hose_line_white_01
world\harmony_mines\harmony_metal_trim_dirty_01
world\harmony_mines\harmony_retwall_panels_seeping01
world\harmony_mines\harmony_retwall_panels_seeping01_bm
world\harmony_mines\harmony_retwall_seeping01_bm
world\harmony_mines\harmony_rust_metal_trim_scroll_01
world\harmony_mines\harmony_wall_metal_verticaldivider_orange
world\harmony_mines\harmony_wires_01
world\harmony_mines\metal\hangar_gantry_01
world\harmony_mines\metal\hangar_gantry_imc_03
world\harmony_mines\metal\harm_mine_excavator_sections
world\harmony_mines\metal\harm_mine_excavator_sections_yell
world\harmony_mines\metal\steps_imc01
world\harmony_mines\metal\wall_metal_verticaldivider_hm
world\harmony_mines\metal\wall_metal_verticaldivider_hm_blu
world\harmony_mines\metal\wall_metal_verticaldivider_hm_yell
world\harmony_mines\mud\harmony_mines_mud_01_alphablend
world\harmony_mines\mud\harmony_mines_mud_01_dirt_01_bm
world\harmony_mines\mud\harmony_mines_mud_01_flatwall_01_bm
world\harmony_mines\mud\harmony_mines_mud_mudtracks_01_bm
world\harmony_mines\mud\harmony_mines_mudpuddle_01_bm
world\harmony_mines\mud\harmony_mines_mudpuddle_mudtracks_01_bm
world\harmony_mines\sand\harmony_mines_dry_sand_01_wet_sand_01_bm
world\harmony_mines\stone\harmony_mines_flatwall_01_dry_sand_01_bm
world\harmony_mines\stone\harmony_mines_flatwall_02
world\harmony_mines\stone\harmony_mines_flatwall_02_alphablend
world\harmony_mines\stone\harmony_mines_flatwall_02_flatwall_01_bm
world\harmony_mines\stone\harmony_mines_rockwall_01_dirt_01_bm
world\harmony_mines\stone\harmony_mines_rockwall_01_flatwall_01_bm
world\harmony_mines\water\water_mp_mining_phosph
world\haven\metal\metal_panel_polished_gold_01
world\metal\cargoship_panels_black
world\metal\cargoship_panels_maroon_oxidation01_bm
world\metal\cargoship_panels_white
world\metal\harm_mine_metal_orange_metal
world\metal\metal_brushed_shiny_01
world\metal\metal_catwalk_grey
world\metal\metal_corrugated_ceiling01
world\metal\metal_corrugated_rust02
world\metal\metal_floor_rusted01
world\metal\metal_holes
world\metal\metal_ibeam_soot_yellow
world\metal\metal_panel_brown01
world\metal\metal_panel_orange
world\metal\metal_shelve_trim
world\metal\metal_ship_container_grey_parts
world\metal\metal_ship_container_partsred
world\metal\metal_ship_container_red_base
world\metal\metal_shipping_container_redlogo
world\metal\metal_trim_grider
world\metal\metal_white_01
world\metal\metal_yellow_wall_painted_bolts
world\metal\npe_metal_stainless_steel_01
world\metal\painted_metal_wall_dirty_01
world\metal\tiblisi_wall_panels
world\metal\wall_metal_panel_dark_sand_bm
world\metal\wall_metal_verticaldivider
world\metal\wall_metal_verticaldivider_07
world\metal\wall_metal_verticaldivider_09
world\metal\wall_panel_imc_01_white_wet_bm
world\metal\wall_panel_imc_01_yellow_wet_bm
world\mud\mud_streams_vert_alpha
world\mud\titan_footprints_mud_03_bm
world\mud\titan_footprints_mud_10_bm
world\mud\titan_footprints_mud_11_bm
world\plaster\plaster_blue
world\plastic\sb_wires_01
world\signs\coffee_decal_02
world\signs\colony_mural_01
world\signs\hammond_sign_glow
world\signs\hammond_sign_glow_sm
world\signs\kodai_billboard
world\signs\sign_ladder
world\signs\sign_level_4
world\signs\sign_level_5
world\signs\sign_level_long_3
world\signs\sign_market_01
world\signs\sign_marvin_storage
world\signs\sign_pets
world\signs\sign_storage
world\signs\sign_towing
world\signs\wargames_upmart_coffee_sign
world\stain\blood_splatter_01
world\stain\grime_metal_soot01
world\stone\flat_stone_01_dirt_desert_01_bm
world\stone\layered_rock_01_dirt_desert_01_bm
world\stone\layered_rock_02_dirt_desert_01_bm
world\stone\rock_black_flat_01
world\stone\rock_busted_01_dirt_desert_01_bm
world\stone\stacked_rock_01_dirt_desert_01_bm
world\stone\stone_temple_frame_01
world\stone\stone_temple_frame_02
world\stone\stone_temple_ground_01
world\stone\stone_temple_ground_02
world\stone\stone_temple_ground_03
world\stone\stone_temple_ground_03_bm
world\stone\stone_temple_ground_04
world\stone\stone_temple_trim_01
world\stone\stone_temple_trim_02
world\stone\stone_temple_wall_01
world\stone\stone_temple_wall_02
world\stone\stone_tile_gray
world\street_utilities\street_utility_lines_solid_red_a
world\switchback\concrete\sb_concrete_panels_01
world\switchback\decal\color_vinyl_stripes
world\switchback\decal\immigration_bldg_signs
world\switchback\decal\white_ground_markings_01
world\switchback\grass\grass_wild_red_mud_tracks_puddle_01_bm
world\switchback\grass\grass_wild_sb
world\switchback\metal\blue_fence_01
world\switchback\metal\metal_lift_white
world\switchback\metal\metal_lift_white_02_
world\switchback\metal\wall_metal_verticaldivider_cream
world\switchback\metal\wall_metal_verticaldivider_green
world\switchback\signs\helipad_back_stripe_black
world\switchback\signs\helipad_caution_step_front
world\switchback\signs\helipad_caution_stripe
world\switchback\signs\helipad_danger_jet_arrow
world\switchback\signs\helipad_flag
world\switchback\stone\switchback_cliff_gravel_01_v_alpha
world\switchback\stone\switchback_cliff_rock_01_cliff_flat_02_bm
world\switchback\windows\frosted_store_glass_01
world\test\godray_test_01
world\test\lightmap_spec_test_01
world\test\plain_grey_01_col
world\test\test_screen01
world\trash\trash_rubbleground_03_black_polished_bm
world\trash\trash_rubbleground_03_white_polished_bm
world\utility\chain_loop
world\utility\holo_map_grid_light_blue_shootable
world\utility\holo_map_grid_orange_shootable
world\utility\light_fluorescent
world\utility\light_fluorescent_blue
world\utility\wire_alpha_singles_01
world\wallcover\surface_formica_black
world\walls\building_walls_black_plastic_cracked_bm
world\walls\building_walls_black_polished
world\walls\building_walls_glass_02
world\walls\concrete_wall_plates_corporate01
world\walls\crown_moulding_01
world\walls\japanese_screen_02
world\walls\wall_bldg_lrg_flood_03_white
world\walls\wall_brown_dirty_plaster_01
world\walls\wall_paint_grey
world\walls\wall_painted_burned_white
world\walls\wood_fine_dark_dirty
world\water\water_mp_rise
world\water\water_mp_switchback_01
world\water\water_mp_training_cheap
world\windows\bathroom_glass_01_noshadow
world\windows\bathroom_glass_01_noshadow_self_illum
world\windows\glass_waterfall
world\windows\high_rise_trim_white
world\windows\npe_frosted_glass_02
world\windows\window_glass_dirtyblue_01
world\windows\window_warehouse_pane
world\wood\doorways_residential_01
world\wood\doorways_residential_02
world\wood\fence_bamboo_japan_01
world\wood\hatch_wood_01
world\wood\hatch_wood_01_solid
world\wood\wood_bamboo_ceiling01
world\wood\wood_bamboo_tan_solid
world\wood\wood_bamboo_worn_solid
world\wood\wood_deck_damaged_01
world\wood\wood_floor_dirty01
world\wood\wood_floor_dirty01_water_dmg
world\wood\wood_old_trim
world\wood\wood_planks_01
world\wood\wood_planks_01_bm
world\wood\wood_planks_01_end
world\wood\wood_planks_02_grey
world\wood\wood_planks_unsaturated_dirty
world\wood\wood_plywood_tight_grain
world\wood\wood_plywoodsheet1
world\wood\wood_plywoodsheet3
world\wood\wood_plywoodsheet4
world\zone_18\colony_concrete_panel_dark
world\zone_18\concrete\z18_concrete_and_grass_blend
world\zone_18\dirt\z18_dirt_sandy_a_vert_alpha
world\zone_18\dirt\z18_sand_tracks_vert_alpha
world\zone_18\dirt\zone_dirt_sand_tracks_blend
world\zone_18\dirt\zone_grass_sandy_a_blend
world\zone_18\zone18_int_wallpanels_01
world\zone_18\zone18_int_wallpanels_02